{"cameraMode":{"drawMode":0,"name":"Shaded","section":"Shading Mode"},"sceneLighting":false,"audioPlay":false,"sceneViewState":{"showFog":true,"showMaterialUpdate":false,"showSkybox":false,"showFlares":true,"showImageEffects":true,"showParticleSystems":true},"in2DMode":false,"pivot":{"x":19.51837921142578,"y":8.894859313964844,"z":29.918922424316408},"rotation":{"x":0.045847587287425998,"y":-0.8358283042907715,"z":0.07063925266265869,"w":0.542493462562561},"size":2.414529323577881,"orthographic":false}