{"cameraMode":{"drawMode":0,"name":"Shaded","section":"Shading Mode"},"sceneLighting":false,"audioPlay":false,"sceneViewState":{"showFog":true,"showMaterialUpdate":false,"showSkybox":false,"showFlares":true,"showImageEffects":true,"showParticleSystems":true},"in2DMode":false,"pivot":{"x":-2.63867449760437,"y":0.49022871255874636,"z":11.33958911895752},"rotation":{"x":0.03382865712046623,"y":-0.2352195531129837,"z":0.008192635141313076,"w":0.9713188409805298},"size":9.552160263061524,"orthographic":false}