{"cameraMode":{"drawMode":0,"name":"Shaded","section":"Shading Mode"},"sceneLighting":false,"audioPlay":false,"sceneViewState":{"showFog":true,"showMaterialUpdate":false,"showSkybox":false,"showFlares":true,"showImageEffects":true,"showParticleSystems":true},"in2DMode":false,"pivot":{"x":10.289480209350586,"y":9.757604598999024,"z":10.506762504577637},"rotation":{"x":0.29510027170181277,"y":-0.6023269295692444,"z":0.2552376091480255,"w":0.6963993310928345},"size":5.97334098815918,"orthographic":false}