{"cameraMode":{"drawMode":0,"name":"Shaded","section":"Shading Mode"},"sceneLighting":false,"audioPlay":false,"sceneViewState":{"showFog":true,"showMaterialUpdate":false,"showSkybox":false,"showFlares":true,"showImageEffects":true,"showParticleSystems":true},"in2DMode":false,"pivot":{"x":142.49888610839845,"y":-7.138144493103027,"z":40.32242965698242},"rotation":{"x":-0.027593184262514116,"y":-0.6001366376876831,"z":0.020720336586236955,"w":-0.7991529107093811},"size":143.8976287841797,"orthographic":false}