{"cameraMode":{"drawMode":0,"name":"Shaded","section":"Shading Mode"},"sceneLighting":false,"audioPlay":false,"sceneViewState":{"showFog":true,"showMaterialUpdate":false,"showSkybox":false,"showFlares":true,"showImageEffects":true,"showParticleSystems":true},"in2DMode":false,"pivot":{"x":7.806797027587891,"y":1.8105957508087159,"z":7.915773868560791},"rotation":{"x":0.02999163791537285,"y":-0.3329329192638397,"z":0.010595829226076603,"w":0.942413866519928},"size":11.23138427734375,"orthographic":false}